[{"model": "auth.user", "pk": 1, "fields": {"password": "pbkdf2_sha256$260000$oWBEUCWXjKM1xAuOI2NG3J$vVgNY7bMNs7eiIQy2QRW7HZpJeX+jCzY5/g0g5PSyxM=", "last_login": "2021-10-20T02:29:04.234Z", "is_superuser": true, "username": "admin", "first_name": "", "last_name": "", "email": "admins@firstillinoisrobotics.org", "is_staff": true, "is_active": true, "date_joined": "2021-10-20T02:28:48.037Z", "groups": [], "user_permissions": []}}, {"model": "sites.site", "pk": 1, "fields": {"domain": "localhost:8000/", "name": "FIRST Illinois Robotics - LOCAL DEVELOPMENT"}}, {"model": "cms.usersettings", "pk": 1, "fields": {"user": 1, "language": "en", "clipboard": 1}}, {"model": "cms.treenode", "pk": 1, "fields": {"path": "0001", "depth": 1, "numchild": 4, "parent": null, "site": 1}}, {"model": "cms.treenode", "pk": 2, "fields": {"path": "00010001", "depth": 2, "numchild": 0, "parent": 1, "site": 1}}, {"model": "cms.treenode", "pk": 3, "fields": {"path": "00010002", "depth": 2, "numchild": 0, "parent": 1, "site": 1}}, {"model": "cms.treenode", "pk": 4, "fields": {"path": "00010003", "depth": 2, "numchild": 0, "parent": 1, "site": 1}}, {"model": "cms.treenode", "pk": 5, "fields": {"path": "00010004", "depth": 2, "numchild": 0, "parent": 1, "site": 1}}, {"model": "cms.page", "pk": 1, "fields": {"created_by": "admin", "changed_by": "admin", "creation_date": "2021-10-20T02:29:15.253Z", "changed_date": "2021-10-20T02:31:33.278Z", "publication_date": "2021-10-20T02:29:15.259Z", "publication_end_date": null, "in_navigation": true, "soft_root": false, "reverse_id": "home", "navigation_extenders": null, "template": "INHERIT", "login_required": false, "limit_visibility_in_menu": null, "is_home": true, "application_urls": "", "application_namespace": null, "publisher_is_draft": true, "publisher_public": 2, "languages": "en", "xframe_options": 0, "is_page_type": false, "node": 1, "placeholders": [2]}}, {"model": "cms.page", "pk": 2, "fields": {"created_by": "admin", "changed_by": "admin", "creation_date": "2021-10-20T02:29:15.260Z", "changed_date": "2021-10-20T02:29:15.263Z", "publication_date": "2021-10-20T02:29:15.259Z", "publication_end_date": null, "in_navigation": true, "soft_root": false, "reverse_id": null, "navigation_extenders": null, "template": "INHERIT", "login_required": false, "limit_visibility_in_menu": null, "is_home": true, "application_urls": null, "application_namespace": null, "publisher_is_draft": false, "publisher_public": 1, "languages": "en", "xframe_options": 0, "is_page_type": false, "node": 1, "placeholders": [3]}}, {"model": "cms.page", "pk": 3, "fields": {"created_by": "admin", "changed_by": "admin", "creation_date": "2021-10-20T02:29:29.180Z", "changed_date": "2021-10-20T02:29:40.752Z", "publication_date": "2021-10-20T02:29:53.819Z", "publication_end_date": null, "in_navigation": true, "soft_root": false, "reverse_id": "frc", "navigation_extenders": null, "template": "INHERIT", "login_required": false, "limit_visibility_in_menu": null, "is_home": false, "application_urls": "", "application_namespace": null, "publisher_is_draft": true, "publisher_public": 4, "languages": "en", "xframe_options": 0, "is_page_type": false, "node": 2, "placeholders": [4]}}, {"model": "cms.page", "pk": 4, "fields": {"created_by": "admin", "changed_by": "admin", "creation_date": "2021-10-20T02:29:53.819Z", "changed_date": "2021-10-20T02:29:53.819Z", "publication_date": "2021-10-20T02:29:53.819Z", "publication_end_date": null, "in_navigation": true, "soft_root": false, "reverse_id": "frc", "navigation_extenders": null, "template": "INHERIT", "login_required": false, "limit_visibility_in_menu": null, "is_home": false, "application_urls": "", "application_namespace": null, "publisher_is_draft": false, "publisher_public": 3, "languages": "en", "xframe_options": 0, "is_page_type": false, "node": 2, "placeholders": [5]}}, {"model": "cms.page", "pk": 5, "fields": {"created_by": "admin", "changed_by": "admin", "creation_date": "2021-10-20T02:30:01.922Z", "changed_date": "2021-10-20T02:30:07.442Z", "publication_date": "2021-10-20T02:30:09.766Z", "publication_end_date": null, "in_navigation": true, "soft_root": false, "reverse_id": "ftc", "navigation_extenders": null, "template": "INHERIT", "login_required": false, "limit_visibility_in_menu": null, "is_home": false, "application_urls": "", "application_namespace": null, "publisher_is_draft": true, "publisher_public": 6, "languages": "en", "xframe_options": 0, "is_page_type": false, "node": 3, "placeholders": [6]}}, {"model": "cms.page", "pk": 6, "fields": {"created_by": "admin", "changed_by": "admin", "creation_date": "2021-10-20T02:30:09.766Z", "changed_date": "2021-10-20T02:30:09.766Z", "publication_date": "2021-10-20T02:30:09.766Z", "publication_end_date": null, "in_navigation": true, "soft_root": false, "reverse_id": "ftc", "navigation_extenders": null, "template": "INHERIT", "login_required": false, "limit_visibility_in_menu": null, "is_home": false, "application_urls": "", "application_namespace": null, "publisher_is_draft": false, "publisher_public": 5, "languages": "en", "xframe_options": 0, "is_page_type": false, "node": 3, "placeholders": [7]}}, {"model": "cms.page", "pk": 7, "fields": {"created_by": "admin", "changed_by": "admin", "creation_date": "2021-10-20T02:30:17.466Z", "changed_date": "2021-10-20T02:30:46.690Z", "publication_date": "2021-10-20T02:30:42.628Z", "publication_end_date": null, "in_navigation": true, "soft_root": false, "reverse_id": "fll-challenge", "navigation_extenders": null, "template": "INHERIT", "login_required": false, "limit_visibility_in_menu": null, "is_home": false, "application_urls": "", "application_namespace": null, "publisher_is_draft": true, "publisher_public": 8, "languages": "en", "xframe_options": 0, "is_page_type": false, "node": 4, "placeholders": [8]}}, {"model": "cms.page", "pk": 8, "fields": {"created_by": "admin", "changed_by": "admin", "creation_date": "2021-10-20T02:30:42.628Z", "changed_date": "2021-10-20T02:30:50.141Z", "publication_date": "2021-10-20T02:30:42.628Z", "publication_end_date": null, "in_navigation": true, "soft_root": false, "reverse_id": "fll-challenge", "navigation_extenders": null, "template": "INHERIT", "login_required": false, "limit_visibility_in_menu": null, "is_home": false, "application_urls": "", "application_namespace": null, "publisher_is_draft": false, "publisher_public": 7, "languages": "en", "xframe_options": 0, "is_page_type": false, "node": 4, "placeholders": [9]}}, {"model": "cms.page", "pk": 9, "fields": {"created_by": "admin", "changed_by": "admin", "creation_date": "2021-10-20T02:31:03.076Z", "changed_date": "2021-10-20T02:31:11.559Z", "publication_date": "2021-10-20T02:31:16.455Z", "publication_end_date": null, "in_navigation": true, "soft_root": false, "reverse_id": "fll-explore", "navigation_extenders": null, "template": "INHERIT", "login_required": false, "limit_visibility_in_menu": null, "is_home": false, "application_urls": "", "application_namespace": null, "publisher_is_draft": true, "publisher_public": 10, "languages": "en", "xframe_options": 0, "is_page_type": false, "node": 5, "placeholders": [10]}}, {"model": "cms.page", "pk": 10, "fields": {"created_by": "admin", "changed_by": "admin", "creation_date": "2021-10-20T02:31:16.455Z", "changed_date": "2021-10-20T02:31:16.455Z", "publication_date": "2021-10-20T02:31:16.455Z", "publication_end_date": null, "in_navigation": true, "soft_root": false, "reverse_id": "fll-explore", "navigation_extenders": null, "template": "INHERIT", "login_required": false, "limit_visibility_in_menu": null, "is_home": false, "application_urls": "", "application_namespace": null, "publisher_is_draft": false, "publisher_public": 9, "languages": "en", "xframe_options": 0, "is_page_type": false, "node": 5, "placeholders": [11]}}, {"model": "cms.placeholder", "pk": 1, "fields": {"slot": "clipboard", "default_width": null}}, {"model": "cms.placeholder", "pk": 2, "fields": {"slot": "content", "default_width": null}}, {"model": "cms.placeholder", "pk": 3, "fields": {"slot": "content", "default_width": null}}, {"model": "cms.placeholder", "pk": 4, "fields": {"slot": "content", "default_width": null}}, {"model": "cms.placeholder", "pk": 5, "fields": {"slot": "content", "default_width": null}}, {"model": "cms.placeholder", "pk": 6, "fields": {"slot": "content", "default_width": null}}, {"model": "cms.placeholder", "pk": 7, "fields": {"slot": "content", "default_width": null}}, {"model": "cms.placeholder", "pk": 8, "fields": {"slot": "content", "default_width": null}}, {"model": "cms.placeholder", "pk": 9, "fields": {"slot": "content", "default_width": null}}, {"model": "cms.placeholder", "pk": 10, "fields": {"slot": "content", "default_width": null}}, {"model": "cms.placeholder", "pk": 11, "fields": {"slot": "content", "default_width": null}}, {"model": "cms.title", "pk": 1, "fields": {"language": "en", "title": "Home", "page_title": "", "menu_title": "", "meta_description": "", "slug": "home", "path": "", "has_url_overwrite": false, "redirect": null, "page": 1, "creation_date": "2021-10-20T02:29:15.254Z", "published": true, "publisher_is_draft": true, "publisher_public": 2, "publisher_state": 1}}, {"model": "cms.title", "pk": 2, "fields": {"language": "en", "title": "Home", "page_title": "", "menu_title": "", "meta_description": "", "slug": "home", "path": "", "has_url_overwrite": false, "redirect": null, "page": 2, "creation_date": "2021-10-20T02:29:15.254Z", "published": true, "publisher_is_draft": false, "publisher_public": 1, "publisher_state": 0}}, {"model": "cms.title", "pk": 3, "fields": {"language": "en", "title": "FIRST Robotics Competition", "page_title": "", "menu_title": "", "meta_description": "", "slug": "frc", "path": "frc", "has_url_overwrite": false, "redirect": null, "page": 3, "creation_date": "2021-10-20T02:29:29.180Z", "published": true, "publisher_is_draft": true, "publisher_public": 4, "publisher_state": 0}}, {"model": "cms.title", "pk": 4, "fields": {"language": "en", "title": "FIRST Robotics Competition", "page_title": "", "menu_title": "", "meta_description": "", "slug": "frc", "path": "frc", "has_url_overwrite": false, "redirect": null, "page": 4, "creation_date": "2021-10-20T02:29:29.180Z", "published": true, "publisher_is_draft": false, "publisher_public": 3, "publisher_state": 0}}, {"model": "cms.title", "pk": 5, "fields": {"language": "en", "title": "FIRST Tech Challenge", "page_title": "", "menu_title": "", "meta_description": "", "slug": "ftc", "path": "ftc", "has_url_overwrite": false, "redirect": null, "page": 5, "creation_date": "2021-10-20T02:30:01.923Z", "published": true, "publisher_is_draft": true, "publisher_public": 6, "publisher_state": 0}}, {"model": "cms.title", "pk": 6, "fields": {"language": "en", "title": "FIRST Tech Challenge", "page_title": "", "menu_title": "", "meta_description": "", "slug": "ftc", "path": "ftc", "has_url_overwrite": false, "redirect": null, "page": 6, "creation_date": "2021-10-20T02:30:01.923Z", "published": true, "publisher_is_draft": false, "publisher_public": 5, "publisher_state": 0}}, {"model": "cms.title", "pk": 7, "fields": {"language": "en", "title": "FIRST LEGO League Challenge", "page_title": "", "menu_title": "", "meta_description": "", "slug": "fll-challenge", "path": "fll-challenge", "has_url_overwrite": false, "redirect": null, "page": 7, "creation_date": "2021-10-20T02:30:17.466Z", "published": true, "publisher_is_draft": true, "publisher_public": 8, "publisher_state": 0}}, {"model": "cms.title", "pk": 8, "fields": {"language": "en", "title": "FIRST LEGO League Challenge", "page_title": "", "menu_title": "", "meta_description": "", "slug": "fll-challenge", "path": "fll-challenge", "has_url_overwrite": false, "redirect": null, "page": 8, "creation_date": "2021-10-20T02:30:17.466Z", "published": true, "publisher_is_draft": false, "publisher_public": 7, "publisher_state": 0}}, {"model": "cms.title", "pk": 9, "fields": {"language": "en", "title": "FIRST LEGO League Explore", "page_title": "", "menu_title": "", "meta_description": "", "slug": "fll-explore", "path": "fll-explore", "has_url_overwrite": false, "redirect": null, "page": 9, "creation_date": "2021-10-20T02:31:03.077Z", "published": true, "publisher_is_draft": true, "publisher_public": 10, "publisher_state": 0}}, {"model": "cms.title", "pk": 10, "fields": {"language": "en", "title": "FIRST LEGO League Explore", "page_title": "", "menu_title": "", "meta_description": "", "slug": "fll-explore", "path": "fll-explore", "has_url_overwrite": false, "redirect": null, "page": 10, "creation_date": "2021-10-20T02:31:03.077Z", "published": true, "publisher_is_draft": false, "publisher_public": 9, "publisher_state": 0}}, {"model": "cms.urlconfrevision", "pk": 1, "fields": {"revision": "d06d71a0-fd53-43e4-83d9-3863c581f225"}}, {"model": "menus.cachekey", "pk": 1, "fields": {"language": "en", "site": 1, "key": "cms_3.9.0_menu_nodes_en_1_1_user:draft"}}, {"model": "menus.cachekey", "pk": 2, "fields": {"language": "en", "site": 1, "key": "cms_3.9.0_menu_nodes_en_1:public"}}]