[
  {
    "model": "auth.group",
    "pk": 5,
    "fields": {
      "name": "FRC Editors",
      "permissions": [
        43,
        2
      ]
    }
  },
  {
    "model": "auth.group",
    "pk": 6,
    "fields": {
      "name": "FTC Editors",
      "permissions": [
        43,
        2
      ]
    }
  },
  {
    "model": "auth.group",
    "pk": 7,
    "fields": {
      "name": "FLL Challenge Editors",
      "permissions": [
        43,
        2
      ]
    }
  },
  {
    "model": "auth.group",
    "pk": 8,
    "fields": {
      "name": "FLL Explore Editors",
      "permissions": [
        43,
        2
      ]
    }
  },
  {
    "model": "auth.user",
    "pk": 3,
    "fields": {
      "password": "pbkdf2_sha256$260000$sNpZ4eIVJKgcm4aKx4ojzB$U0jlH5RJYsMbZ7yf2NUJpwNMh+7m9cPWTd7zaoy51ZM=",
      "last_login": "2021-09-03T16:52:50.769Z",
      "is_superuser": true,
      "username": "admin",
      "first_name": "",
      "last_name": "",
      "email": "",
      "is_staff": true,
      "is_active": true,
      "date_joined": "2021-09-03T16:52:40.458Z",
      "groups": [],
      "user_permissions": []
    }
  },
  {
    "model": "sites.site",
    "pk": 1,
    "fields": {
      "domain": "firstillinoisrobotics.org",
      "name": "FIRST Illinois Robotics"
    }
  },
  {
    "model": "cms.usersettings",
    "pk": 2,
    "fields": {
      "user": 3,
      "language": "en",
      "clipboard": 12
    }
  },
  {
    "model": "cms.treenode",
    "pk": 1,
    "fields": {
      "path": "0001",
      "depth": 1,
      "numchild": 4,
      "parent": null,
      "site": 1
    }
  },
  {
    "model": "cms.treenode",
    "pk": 2,
    "fields": {
      "path": "00010002",
      "depth": 2,
      "numchild": 0,
      "parent": 1,
      "site": 1
    }
  },
  {
    "model": "cms.treenode",
    "pk": 3,
    "fields": {
      "path": "00010001",
      "depth": 2,
      "numchild": 0,
      "parent": 1,
      "site": 1
    }
  },
  {
    "model": "cms.treenode",
    "pk": 4,
    "fields": {
      "path": "00010004",
      "depth": 2,
      "numchild": 0,
      "parent": 1,
      "site": 1
    }
  },
  {
    "model": "cms.treenode",
    "pk": 5,
    "fields": {
      "path": "00010005",
      "depth": 2,
      "numchild": 0,
      "parent": 1,
      "site": 1
    }
  },
  {
    "model": "cms.page",
    "pk": 1,
    "fields": {
      "created_by": "devyn",
      "changed_by": "admin",
      "creation_date": "2021-08-09T20:45:46.806Z",
      "changed_date": "2021-09-03T16:34:57.509Z",
      "publication_date": "2021-08-09T20:45:46.819Z",
      "publication_end_date": null,
      "in_navigation": true,
      "soft_root": false,
      "reverse_id": "home",
      "navigation_extenders": null,
      "template": "fullwidth.html",
      "login_required": false,
      "limit_visibility_in_menu": null,
      "is_home": true,
      "application_urls": "",
      "application_namespace": null,
      "publisher_is_draft": true,
      "publisher_public": 2,
      "languages": "en",
      "xframe_options": 0,
      "is_page_type": false,
      "node": 1,
      "placeholders": [
        2
      ]
    }
  },
  {
    "model": "cms.page",
    "pk": 2,
    "fields": {
      "created_by": "devyn",
      "changed_by": "admin",
      "creation_date": "2021-08-09T20:45:46.819Z",
      "changed_date": "2021-09-03T16:55:46.935Z",
      "publication_date": "2021-08-09T20:45:46.819Z",
      "publication_end_date": null,
      "in_navigation": true,
      "soft_root": false,
      "reverse_id": "home",
      "navigation_extenders": null,
      "template": "fullwidth.html",
      "login_required": false,
      "limit_visibility_in_menu": null,
      "is_home": true,
      "application_urls": "",
      "application_namespace": null,
      "publisher_is_draft": false,
      "publisher_public": 1,
      "languages": "en",
      "xframe_options": 0,
      "is_page_type": false,
      "node": 1,
      "placeholders": [
        3
      ]
    }
  },
  {
    "model": "cms.page",
    "pk": 3,
    "fields": {
      "created_by": "devyn",
      "changed_by": "admin",
      "creation_date": "2021-08-09T21:36:15.721Z",
      "changed_date": "2021-09-03T16:55:04.506Z",
      "publication_date": "2021-08-09T21:38:14.088Z",
      "publication_end_date": null,
      "in_navigation": true,
      "soft_root": false,
      "reverse_id": "ftc",
      "navigation_extenders": null,
      "template": "INHERIT",
      "login_required": false,
      "limit_visibility_in_menu": null,
      "is_home": false,
      "application_urls": "",
      "application_namespace": null,
      "publisher_is_draft": true,
      "publisher_public": 4,
      "languages": "en",
      "xframe_options": 0,
      "is_page_type": false,
      "node": 2,
      "placeholders": [
        4
      ]
    }
  },
  {
    "model": "cms.page",
    "pk": 4,
    "fields": {
      "created_by": "devyn",
      "changed_by": "devyn",
      "creation_date": "2021-08-09T21:38:14.088Z",
      "changed_date": "2021-09-03T16:33:07.766Z",
      "publication_date": "2021-08-09T21:38:14.088Z",
      "publication_end_date": null,
      "in_navigation": true,
      "soft_root": false,
      "reverse_id": "ftc",
      "navigation_extenders": null,
      "template": "INHERIT",
      "login_required": false,
      "limit_visibility_in_menu": null,
      "is_home": false,
      "application_urls": "",
      "application_namespace": null,
      "publisher_is_draft": false,
      "publisher_public": 3,
      "languages": "en",
      "xframe_options": 0,
      "is_page_type": false,
      "node": 2,
      "placeholders": [
        5
      ]
    }
  },
  {
    "model": "cms.page",
    "pk": 5,
    "fields": {
      "created_by": "devyn",
      "changed_by": "admin",
      "creation_date": "2021-09-03T16:30:28.788Z",
      "changed_date": "2021-09-03T16:54:52.095Z",
      "publication_date": "2021-09-03T16:30:54.058Z",
      "publication_end_date": null,
      "in_navigation": true,
      "soft_root": false,
      "reverse_id": "frc",
      "navigation_extenders": null,
      "template": "INHERIT",
      "login_required": false,
      "limit_visibility_in_menu": null,
      "is_home": false,
      "application_urls": "",
      "application_namespace": null,
      "publisher_is_draft": true,
      "publisher_public": 7,
      "languages": "en",
      "xframe_options": 0,
      "is_page_type": false,
      "node": 3,
      "placeholders": [
        6
      ]
    }
  },
  {
    "model": "cms.page",
    "pk": 6,
    "fields": {
      "created_by": "devyn",
      "changed_by": "admin",
      "creation_date": "2021-09-03T16:30:48.780Z",
      "changed_date": "2021-09-03T16:55:12.034Z",
      "publication_date": "2021-09-03T16:30:55.611Z",
      "publication_end_date": null,
      "in_navigation": true,
      "soft_root": false,
      "reverse_id": "fll-challenge",
      "navigation_extenders": null,
      "template": "INHERIT",
      "login_required": false,
      "limit_visibility_in_menu": null,
      "is_home": false,
      "application_urls": "",
      "application_namespace": null,
      "publisher_is_draft": true,
      "publisher_public": 8,
      "languages": "en",
      "xframe_options": 0,
      "is_page_type": false,
      "node": 4,
      "placeholders": [
        7
      ]
    }
  },
  {
    "model": "cms.page",
    "pk": 7,
    "fields": {
      "created_by": "devyn",
      "changed_by": "devyn",
      "creation_date": "2021-09-03T16:30:54.058Z",
      "changed_date": "2021-09-03T16:32:49.031Z",
      "publication_date": "2021-09-03T16:30:54.058Z",
      "publication_end_date": null,
      "in_navigation": true,
      "soft_root": false,
      "reverse_id": "frc",
      "navigation_extenders": null,
      "template": "INHERIT",
      "login_required": false,
      "limit_visibility_in_menu": null,
      "is_home": false,
      "application_urls": "",
      "application_namespace": null,
      "publisher_is_draft": false,
      "publisher_public": 5,
      "languages": "en",
      "xframe_options": 0,
      "is_page_type": false,
      "node": 3,
      "placeholders": [
        8
      ]
    }
  },
  {
    "model": "cms.page",
    "pk": 8,
    "fields": {
      "created_by": "devyn",
      "changed_by": "devyn",
      "creation_date": "2021-09-03T16:30:55.611Z",
      "changed_date": "2021-09-03T16:33:20.342Z",
      "publication_date": "2021-09-03T16:30:55.611Z",
      "publication_end_date": null,
      "in_navigation": true,
      "soft_root": false,
      "reverse_id": "fll-challenge",
      "navigation_extenders": null,
      "template": "INHERIT",
      "login_required": false,
      "limit_visibility_in_menu": null,
      "is_home": false,
      "application_urls": "",
      "application_namespace": null,
      "publisher_is_draft": false,
      "publisher_public": 6,
      "languages": "en",
      "xframe_options": 0,
      "is_page_type": false,
      "node": 4,
      "placeholders": [
        9
      ]
    }
  },
  {
    "model": "cms.page",
    "pk": 9,
    "fields": {
      "created_by": "devyn",
      "changed_by": "admin",
      "creation_date": "2021-09-03T16:31:14.761Z",
      "changed_date": "2021-09-03T16:55:23.108Z",
      "publication_date": "2021-09-03T16:31:20.918Z",
      "publication_end_date": null,
      "in_navigation": true,
      "soft_root": false,
      "reverse_id": "fll-explore",
      "navigation_extenders": null,
      "template": "INHERIT",
      "login_required": false,
      "limit_visibility_in_menu": null,
      "is_home": false,
      "application_urls": "",
      "application_namespace": null,
      "publisher_is_draft": true,
      "publisher_public": 10,
      "languages": "en",
      "xframe_options": 0,
      "is_page_type": false,
      "node": 5,
      "placeholders": [
        10
      ]
    }
  },
  {
    "model": "cms.page",
    "pk": 10,
    "fields": {
      "created_by": "devyn",
      "changed_by": "devyn",
      "creation_date": "2021-09-03T16:31:20.918Z",
      "changed_date": "2021-09-03T16:34:15.520Z",
      "publication_date": "2021-09-03T16:31:20.918Z",
      "publication_end_date": null,
      "in_navigation": true,
      "soft_root": false,
      "reverse_id": "fll-explore",
      "navigation_extenders": null,
      "template": "INHERIT",
      "login_required": false,
      "limit_visibility_in_menu": null,
      "is_home": false,
      "application_urls": "",
      "application_namespace": null,
      "publisher_is_draft": false,
      "publisher_public": 9,
      "languages": "en",
      "xframe_options": 0,
      "is_page_type": false,
      "node": 5,
      "placeholders": [
        11
      ]
    }
  },
  {
    "model": "cms.pagepermission",
    "pk": 2,
    "fields": {
      "user": null,
      "group": 5,
      "can_change": true,
      "can_add": true,
      "can_delete": true,
      "can_change_advanced_settings": false,
      "can_publish": true,
      "can_change_permissions": false,
      "can_move_page": true,
      "can_view": false,
      "grant_on": 5,
      "page": 5
    }
  },
  {
    "model": "cms.pagepermission",
    "pk": 3,
    "fields": {
      "user": null,
      "group": 6,
      "can_change": true,
      "can_add": true,
      "can_delete": true,
      "can_change_advanced_settings": false,
      "can_publish": true,
      "can_change_permissions": false,
      "can_move_page": true,
      "can_view": false,
      "grant_on": 5,
      "page": 3
    }
  },
  {
    "model": "cms.pagepermission",
    "pk": 4,
    "fields": {
      "user": null,
      "group": 7,
      "can_change": true,
      "can_add": true,
      "can_delete": true,
      "can_change_advanced_settings": false,
      "can_publish": true,
      "can_change_permissions": false,
      "can_move_page": true,
      "can_view": false,
      "grant_on": 5,
      "page": 6
    }
  },
  {
    "model": "cms.pagepermission",
    "pk": 5,
    "fields": {
      "user": null,
      "group": 8,
      "can_change": true,
      "can_add": true,
      "can_delete": true,
      "can_change_advanced_settings": false,
      "can_publish": true,
      "can_change_permissions": false,
      "can_move_page": true,
      "can_view": false,
      "grant_on": 5,
      "page": 9
    }
  },
  {
    "model": "cms.pageusergroup",
    "pk": 5,
    "fields": {
      "created_by": 3
    }
  },
  {
    "model": "cms.pageusergroup",
    "pk": 6,
    "fields": {
      "created_by": 3
    }
  },
  {
    "model": "cms.pageusergroup",
    "pk": 7,
    "fields": {
      "created_by": 3
    }
  },
  {
    "model": "cms.pageusergroup",
    "pk": 8,
    "fields": {
      "created_by": 3
    }
  },
  {
    "model": "cms.placeholder",
    "pk": 1,
    "fields": {
      "slot": "clipboard",
      "default_width": null
    }
  },
  {
    "model": "cms.placeholder",
    "pk": 2,
    "fields": {
      "slot": "content",
      "default_width": null
    }
  },
  {
    "model": "cms.placeholder",
    "pk": 3,
    "fields": {
      "slot": "content",
      "default_width": null
    }
  },
  {
    "model": "cms.placeholder",
    "pk": 4,
    "fields": {
      "slot": "content",
      "default_width": null
    }
  },
  {
    "model": "cms.placeholder",
    "pk": 5,
    "fields": {
      "slot": "content",
      "default_width": null
    }
  },
  {
    "model": "cms.placeholder",
    "pk": 6,
    "fields": {
      "slot": "content",
      "default_width": null
    }
  },
  {
    "model": "cms.placeholder",
    "pk": 7,
    "fields": {
      "slot": "content",
      "default_width": null
    }
  },
  {
    "model": "cms.placeholder",
    "pk": 8,
    "fields": {
      "slot": "content",
      "default_width": null
    }
  },
  {
    "model": "cms.placeholder",
    "pk": 9,
    "fields": {
      "slot": "content",
      "default_width": null
    }
  },
  {
    "model": "cms.placeholder",
    "pk": 10,
    "fields": {
      "slot": "content",
      "default_width": null
    }
  },
  {
    "model": "cms.placeholder",
    "pk": 11,
    "fields": {
      "slot": "content",
      "default_width": null
    }
  },
  {
    "model": "cms.placeholder",
    "pk": 12,
    "fields": {
      "slot": "clipboard",
      "default_width": null
    }
  },
  {
    "model": "cms.cmsplugin",
    "pk": 1,
    "fields": {
      "path": "0001",
      "depth": 1,
      "numchild": 1,
      "placeholder": 2,
      "parent": null,
      "position": 0,
      "language": "en",
      "plugin_type": "Bootstrap4AlertsPlugin",
      "creation_date": "2021-08-09T21:33:46.239Z",
      "changed_date": "2021-08-29T20:55:35.375Z"
    }
  },
  {
    "model": "cms.cmsplugin",
    "pk": 2,
    "fields": {
      "path": "00010001",
      "depth": 2,
      "numchild": 0,
      "placeholder": 2,
      "parent": 1,
      "position": 0,
      "language": "en",
      "plugin_type": "TextPlugin",
      "creation_date": "2021-08-09T21:33:52.406Z",
      "changed_date": "2021-08-09T21:34:02.328Z"
    }
  },
  {
    "model": "cms.cmsplugin",
    "pk": 16,
    "fields": {
      "path": "0002",
      "depth": 1,
      "numchild": 1,
      "placeholder": 3,
      "parent": null,
      "position": 0,
      "language": "en",
      "plugin_type": "Bootstrap4AlertsPlugin",
      "creation_date": "2021-08-09T21:33:46.239Z",
      "changed_date": "2021-09-03T16:55:46.984Z"
    }
  },
  {
    "model": "cms.cmsplugin",
    "pk": 17,
    "fields": {
      "path": "00020001",
      "depth": 2,
      "numchild": 0,
      "placeholder": 3,
      "parent": 16,
      "position": 0,
      "language": "en",
      "plugin_type": "TextPlugin",
      "creation_date": "2021-08-09T21:33:52.406Z",
      "changed_date": "2021-09-03T16:55:46.987Z"
    }
  },
  {
    "model": "cms.title",
    "pk": 1,
    "fields": {
      "language": "en",
      "title": "Home",
      "page_title": "",
      "menu_title": "",
      "meta_description": "",
      "slug": "home",
      "path": "",
      "has_url_overwrite": false,
      "redirect": null,
      "page": 1,
      "creation_date": "2021-08-09T20:45:46.807Z",
      "published": true,
      "publisher_is_draft": true,
      "publisher_public": 2,
      "publisher_state": 0
    }
  },
  {
    "model": "cms.title",
    "pk": 2,
    "fields": {
      "language": "en",
      "title": "Home",
      "page_title": "",
      "menu_title": "",
      "meta_description": "",
      "slug": "home",
      "path": "",
      "has_url_overwrite": false,
      "redirect": null,
      "page": 2,
      "creation_date": "2021-08-09T20:45:46.807Z",
      "published": true,
      "publisher_is_draft": false,
      "publisher_public": 1,
      "publisher_state": 0
    }
  },
  {
    "model": "cms.title",
    "pk": 3,
    "fields": {
      "language": "en",
      "title": "FIRST Tech Challenge",
      "page_title": "",
      "menu_title": "",
      "meta_description": "",
      "slug": "ftc",
      "path": "ftc",
      "has_url_overwrite": false,
      "redirect": null,
      "page": 3,
      "creation_date": "2021-08-09T21:36:15.721Z",
      "published": true,
      "publisher_is_draft": true,
      "publisher_public": 4,
      "publisher_state": 0
    }
  },
  {
    "model": "cms.title",
    "pk": 4,
    "fields": {
      "language": "en",
      "title": "FIRST Tech Challenge",
      "page_title": "",
      "menu_title": "",
      "meta_description": "",
      "slug": "ftc",
      "path": "ftc",
      "has_url_overwrite": false,
      "redirect": null,
      "page": 4,
      "creation_date": "2021-08-09T21:36:15.721Z",
      "published": true,
      "publisher_is_draft": false,
      "publisher_public": 3,
      "publisher_state": 0
    }
  },
  {
    "model": "cms.title",
    "pk": 5,
    "fields": {
      "language": "en",
      "title": "FIRST Robotics Competition",
      "page_title": "",
      "menu_title": "",
      "meta_description": "",
      "slug": "frc",
      "path": "frc",
      "has_url_overwrite": false,
      "redirect": null,
      "page": 5,
      "creation_date": "2021-09-03T16:30:28.789Z",
      "published": true,
      "publisher_is_draft": true,
      "publisher_public": 7,
      "publisher_state": 0
    }
  },
  {
    "model": "cms.title",
    "pk": 6,
    "fields": {
      "language": "en",
      "title": "FIRST LEGO League Challenge",
      "page_title": "",
      "menu_title": "",
      "meta_description": "",
      "slug": "fll-challenge",
      "path": "fll-challenge",
      "has_url_overwrite": false,
      "redirect": null,
      "page": 6,
      "creation_date": "2021-09-03T16:30:48.781Z",
      "published": true,
      "publisher_is_draft": true,
      "publisher_public": 8,
      "publisher_state": 0
    }
  },
  {
    "model": "cms.title",
    "pk": 7,
    "fields": {
      "language": "en",
      "title": "FIRST Robotics Competition",
      "page_title": "",
      "menu_title": "",
      "meta_description": "",
      "slug": "frc",
      "path": "frc",
      "has_url_overwrite": false,
      "redirect": null,
      "page": 7,
      "creation_date": "2021-09-03T16:30:28.789Z",
      "published": true,
      "publisher_is_draft": false,
      "publisher_public": 5,
      "publisher_state": 0
    }
  },
  {
    "model": "cms.title",
    "pk": 8,
    "fields": {
      "language": "en",
      "title": "FIRST LEGO League Challenge",
      "page_title": "",
      "menu_title": "",
      "meta_description": "",
      "slug": "fll-challenge",
      "path": "fll-challenge",
      "has_url_overwrite": false,
      "redirect": null,
      "page": 8,
      "creation_date": "2021-09-03T16:30:48.781Z",
      "published": true,
      "publisher_is_draft": false,
      "publisher_public": 6,
      "publisher_state": 0
    }
  },
  {
    "model": "cms.title",
    "pk": 9,
    "fields": {
      "language": "en",
      "title": "FIRST LEGO League Explore",
      "page_title": "",
      "menu_title": "",
      "meta_description": "",
      "slug": "fll-explore",
      "path": "fll-explore",
      "has_url_overwrite": false,
      "redirect": null,
      "page": 9,
      "creation_date": "2021-09-03T16:31:14.761Z",
      "published": true,
      "publisher_is_draft": true,
      "publisher_public": 10,
      "publisher_state": 0
    }
  },
  {
    "model": "cms.title",
    "pk": 10,
    "fields": {
      "language": "en",
      "title": "FIRST LEGO League Explore",
      "page_title": "",
      "menu_title": "",
      "meta_description": "",
      "slug": "fll-explore",
      "path": "fll-explore",
      "has_url_overwrite": false,
      "redirect": null,
      "page": 10,
      "creation_date": "2021-09-03T16:31:14.761Z",
      "published": true,
      "publisher_is_draft": false,
      "publisher_public": 9,
      "publisher_state": 0
    }
  },
  {
    "model": "cms.urlconfrevision",
    "pk": 1,
    "fields": {
      "revision": "de47f4d6-4a67-40d1-a5f7-221edd1e6488"
    }
  },
  {
    "model": "djangocms_text_ckeditor.text",
    "pk": 2,
    "fields": {
      "body": "<p>Site is not finished yet!</p>"
    }
  },
  {
    "model": "djangocms_text_ckeditor.text",
    "pk": 17,
    "fields": {
      "body": "<p>Site is not finished yet!</p>"
    }
  },
  {
    "model": "bootstrap4_alerts.bootstrap4alerts",
    "pk": 1,
    "fields": {
      "alert_context": "warning",
      "alert_dismissable": false,
      "tag_type": "div",
      "attributes": {}
    }
  },
  {
    "model": "bootstrap4_alerts.bootstrap4alerts",
    "pk": 16,
    "fields": {
      "alert_context": "warning",
      "alert_dismissable": false,
      "tag_type": "div",
      "attributes": {}
    }
  }
]